{
	"schemaVersion": 1,
	"id": "tree-engine",
	"version": "${version}",
	"name": "Tree Engine",
	"description": "This is an example description! Tell everyone what your mod is about!",
	"authors": [
		"Me!"
	],
	"contact": {
		"homepage": "https://fabricmc.net/",
		"sources": "https://github.com/FabricMC/fabric-example-mod"
	},
	"license": "CC0-1.0",
	"icon": "assets/tree-engine/icon.png",
	"environment": "*",
	"entrypoints": {
		"main": [
			"savage.tree_engine.TreeEngine"
		],
		"fabric-datagen": [
			"savage.tree_engine.TreeEngineDataGenerator"
		]
	},
	"mixins": [
		"tree-engine.mixins.json"
	],
	"depends": {
		"fabricloader": ">=0.18.1",
		"minecraft": "~1.21.10",
		"java": ">=21",
		"fabric-api": "*"
	},
	"suggests": {
		"another-mod": "*"
	}
}